页面,板块,pageId,字数,h2,h3,自测题,解析均长,公式,SVG,图注,浅色字,溢出,注册,路径,交互
00_3D解剖/人形机器人解剖式知识可视化.html,00,-,6327,0,0,12,236,0,0,0,0,0,N,N,1
00_3D解剖/关节执行器内部原理3D实验室.html,00,00-05,2477,2,0,7,101,0,0,0,0,0,Y,N,1
00_3D解剖/减速器剖面图详解.html,00,00-02,5943,6,0,13,138,0,3,3,0,0,Y,Y,1
00_3D解剖/电机编码器与灵巧手3D拆解.html,00,00-04,4729,3,0,14,122,0,0,0,0,0,Y,N,1
01_理论入门/01_整体知识框架_思维导图.html,01,01-01,3894,3,0,8,68,0,0,0,0,0,Y,Y,1
01_理论入门/02_核心原理动画演示_FOC_三环_减速器.html,01,01-02,4050,3,0,14,88,0,0,0,0,0,Y,Y,1
01_理论入门/03_驱动电路模块认知_交互式图解.html,01,01-03,3476,4,0,9,80,0,1,1,0,0,Y,N,1
01_理论入门/04_机械原理基础_连杆齿轮传动.html,01,01-04,13282,11,18,17,137,0,0,0,0,0,Y,N,1
01_理论入门/05_运动学基础_正逆运动学与DH参数.html,01,01-05,10691,11,21,7,114,3,0,0,0,0,Y,N,1
01_理论入门/06_控制数学工具箱.html,01,01-06,3253,6,0,6,92,2,0,0,0,0,Y,Y,1
02_硬件基础/04_硬件设计通用要点_避坑指南.html,02,02-01,14924,9,26,10,106,0,1,1,0,0,Y,N,1
02_硬件基础/05_参考资料汇总_视频_开源项目.html,02,02-02,12500,11,6,8,112,0,0,0,0,0,Y,N,1
02_硬件基础/06_硬件原理图与PCB学习页_X1与Hdrive.html,02,02-03,6867,7,5,9,77,0,0,0,0,0,Y,N,1
02_硬件基础/07_电机选型计算专题.html,02,02-04,11803,11,15,14,107,0,0,0,0,0,Y,Y,1
02_硬件基础/08_热管理与散热设计专题.html,02,02-05,11141,11,15,7,83,0,0,0,0,0,Y,Y,1
02_硬件基础/09_FOC驱动器硬件深挖.html,02,02-06,18045,12,34,18,117,0,0,0,0,0,Y,Y,1
02_硬件基础/10_传感器专题_IMU力矩与触觉.html,02,02-07,13424,10,24,10,92,0,0,0,0,0,Y,N,1
02_硬件基础/11_FOC调参整定实战手册.html,02,02-08,5589,8,2,11,104,2,0,0,0,0,Y,N,1
02_硬件基础/12_故障诊断决策树.html,02,02-09,2443,5,0,6,93,0,0,0,0,0,Y,Y,1
02_硬件基础/13_功率级拓扑与SVPWM交互实验室.html,02,02-10,5076,5,0,12,125,1,1,1,0,0,Y,N,1
02_硬件基础/14_硬件公式计算器矩阵.html,02,02-11,4243,8,0,6,96,0,0,0,0,0,Y,Y,1
02_硬件基础/15_传感器与关节标定专题.html,02,02-12,6360,7,3,12,104,2,0,0,0,0,Y,N,1
02_硬件基础/16_PCB_Layout检查清单.html,02,02-13,5374,8,12,8,93,0,2,2,0,0,Y,Y,1
02_硬件基础/17_STM32外设基础_时钟中断DMA_ADC.html,02,02-14,16888,9,19,6,489,5,0,0,0,0,Y,N,1
03_项目实操/06_本次项目核心_Hdrive融合方案完整指南.html,03,03-01,10268,11,19,7,63,0,1,1,0,0,Y,Y,1
03_项目实操/07_立创EDA逐模块绘制步骤.html,03,03-02,5678,11,13,6,47,0,0,0,0,0,Y,Y,1
03_项目实操/08_完整学习手册_备查用.html,03,03-03,11264,10,23,6,58,0,0,0,0,0,Y,N,1
03_项目实操/10_Hdrive新版方案_交叉认证与芯片选型报告.html,03,03-04,8584,10,14,6,75,0,0,0,0,0,Y,N,1
03_项目实操/11_电源管理功率链路分析/index.html,03,03-05,12561,11,22,6,72,0,0,3,0,0,Y,N,1
03_项目实操/12_整机调试实战_步态调参与故障排查.html,03,03-06,12473,10,15,7,62,0,1,1,0,0,Y,Y,1
04_升级进阶/02_全身控制与步态规划_WBC与MPC.html,06,04-02,12117,12,19,4,86,1,0,0,0,0,Y,Y,1
04_升级进阶/03_整机电气架构与安全设计.html,06,04-03,3543,8,1,3,81,0,1,1,0,0,Y,N,1
04_升级进阶/09_通信与控制算法升级路线.html,06,04-01,5248,8,1,6,86,0,0,0,0,0,Y,Y,1
06_软件与算法/01_软件学习路线图.html,06,06-01,5262,8,0,6,75,0,0,0,0,0,Y,Y,1
06_软件与算法/02_固件与电机控制_SimpleFOC_ODrive_MotorOS.html,06,06-02,13816,8,26,7,147,0,0,0,0,0,Y,Y,1
06_软件与算法/03_ROS2与机器人软件栈.html,06,06-03,18316,12,26,7,72,0,1,1,0,0,Y,Y,1
06_软件与算法/04_仿真与强化学习_MuJoCo_Isaac.html,06,06-04,15306,9,11,7,128,0,0,0,0,0,Y,Y,1
06_软件与算法/05_感知与具身智能_VLA与世界模型.html,06,06-05,11554,10,13,7,115,0,0,0,0,0,Y,Y,1
06_软件与算法/06_视觉SLAM与状态估计.html,06,06-06,11280,9,10,7,97,0,0,0,0,0,Y,Y,1
06_软件与算法/07_sim2real部署步骤拆解.html,06,06-07,5584,6,0,7,54,0,0,0,0,0,Y,N,1
06_软件与算法/08_视觉语言动作模型VLA与世界模型详解.html,06,06-08,15061,11,18,7,100,0,0,0,0,0,Y,Y,1
06_软件与算法/09_ROS2入门实战_第一个节点.html,06,06-09,6147,9,5,6,83,0,0,0,0,0,Y,Y,1
06_软件与算法/10_ROS2实战进阶_URDF与MoveIt2.html,06,06-10,18856,10,11,7,95,0,0,0,0,0,Y,Y,1
06_软件与算法/11_ROS2导航_Navigation2实战.html,06,06-11,13338,10,19,10,65,0,0,0,0,0,Y,Y,1
06_软件与算法/12_机器人感知专题_相机激光雷达点云.html,06,06-12,15031,12,22,10,90,0,0,0,0,0,Y,Y,1
06_软件与算法/13_MoveIt2进阶_运动规划与抓取管线.html,06,06-13,15671,10,24,10,86,0,0,0,0,0,Y,Y,1
06_软件与算法/14_ros2_control实战深挖.html,06,06-14,26241,10,24,10,118,0,0,0,0,0,Y,Y,1
06_软件与算法/15_浏览器内强化学习实验室.html,06,06-15,2554,5,0,3,96,1,0,0,0,0,Y,Y,1
06_软件与算法/16_现代控制理论_状态空间到MPC.html,06,06-16,23951,15,21,5,98,23,3,4,0,0,Y,Y,1
06_软件与算法/17_状态观测器全解_龙伯格_EKF_SMO.html,06,06-17,24925,13,21,6,102,20,5,5,0,0,Y,Y,1
06_软件与算法/18_ADRC自抗扰控制与嵌入式实现.html,06,06-18,24423,12,20,5,85,18,4,4,0,0,Y,Y,1
06_软件与算法/19_FOC算法完全图解_流程与运行图.html,06,06-19,27116,17,20,8,259,13,9,9,0,0,Y,Y,1
06_软件与算法/20_FreeRTOS任务调度与实时性.html,06,06-21,18961,10,19,6,494,3,0,0,0,0,Y,N,1
06_软件与算法/20_工程电机控制框架对比_流程与选型.html,06,06-20,17119,13,21,6,155,0,9,9,0,0,Y,Y,1
06_软件与算法/21_代码规范_C_Python_Verilog.html,06,06-22,14862,9,15,6,471,0,0,0,0,0,Y,N,1
07_前沿知识库/01_全球人形机器人机型全景.html,07,07-01,14503,8,16,7,119,0,1,1,0,0,Y,Y,1
07_前沿知识库/02_前沿技术专题库.html,07,07-02,14465,11,35,14,104,0,0,0,0,0,Y,N,1
07_前沿知识库/03_论文_数据集_开源社区.html,07,07-03,14215,10,12,6,101,0,0,0,0,0,Y,Y,1
07_前沿知识库/04_灵巧手专题.html,07,07-04,15092,12,18,13,132,0,0,0,0,0,Y,N,1
07_前沿知识库/05_电池与能源系统专题.html,07,07-05,10946,11,20,7,119,0,0,0,0,0,Y,N,1
07_前沿知识库/06_灵巧操作与抓取规划.html,07,07-06,14152,11,18,12,117,0,0,0,0,0,Y,N,1
07_前沿知识库/07_开源整机与仓库深度解析.html,07,07-07,13346,10,7,7,150,0,0,0,0,0,Y,N,1
07_前沿知识库/08_具身智能数据集与评测专题.html,07,07-08,15242,12,8,10,120,0,1,1,0,0,Y,Y,1
08_学习工具/01_术语词典.html,08,08-01,9086,7,0,6,92,0,0,0,0,0,Y,N,1
08_学习工具/02_常见问答FAQ.html,08,08-02,11701,8,0,6,111,0,0,0,0,0,Y,N,1
08_学习工具/03_自测题库.html,08,08-03,426,1,0,0,0,0,0,0,0,0,Y,N,1
08_学习工具/04_代码实验室.html,08,08-04,4257,7,0,6,76,0,0,0,0,0,Y,N,1
08_学习工具/05_传动与控制实验台.html,08,08-05,3206,1,0,5,100,0,1,1,0,0,Y,N,1
08_学习工具/06_学习地图.html,08,08-06,364,0,0,0,0,0,0,0,0,0,Y,N,1
08_学习工具/07_大厂面试专题.html,08,08-07,28149,14,20,15,82,0,1,1,0,0,Y,Y,1
08_学习工具/08_仿真中心.html,08,08-08,1465,7,0,0,0,0,0,0,0,0,Y,N,0
08_学习工具/09_动手项目清单.html,08,08-09,5037,4,5,6,84,0,1,1,0,0,Y,Y,1
08_学习工具/10_学习数据分析.html,08,08-10,685,1,5,2,78,0,0,0,0,0,Y,N,1
08_学习工具/11_保研复试面试题库.html,08,08-11,1301,5,0,0,0,0,0,0,0,0,Y,Y,1
08_学习工具/12_闯关学习.html,08,08-12,664,4,0,0,0,0,0,0,0,0,Y,Y,1
08_学习工具/13_AI答疑助手.html,08,08-13,1188,3,0,0,0,0,0,0,0,0,Y,Y,1
08_学习工具/14_个人作品台.html,08,08-14,304,0,0,0,0,0,0,0,0,0,Y,Y,1
08_学习工具/15_全站体检.html,08,08-15,152,0,0,0,0,0,0,0,0,0,Y,N,1
08_学习工具/16_保研英语面试.html,08,08-16,1208,4,0,0,0,0,0,0,0,0,Y,Y,1
08_学习工具/17_AI_Agent介绍.html,08,08-17,15737,8,28,8,121,0,0,0,0,0,Y,N,1
08_学习工具/18_学习路径规划.html,08,08-18,1328,6,0,3,45,0,0,0,0,0,Y,Y,1
09_大模型与具身智能/01_大模型基础与MoE架构图解.html,09,09-01,5994,11,0,8,238,2,2,2,0,0,Y,Y,1
09_大模型与具身智能/02_DeepSeek架构精讲.html,09,09-02,4538,7,0,8,203,1,2,2,0,0,Y,Y,1
09_大模型与具身智能/03_强化学习与后训练.html,09,09-03,5450,8,0,8,229,3,2,2,0,0,Y,Y,1
09_大模型与具身智能/04_基座选型与开源生态.html,09,09-04,3973,6,0,7,232,0,2,2,0,0,Y,Y,1
09_大模型与具身智能/05_代码实战_部署微调与Agent.html,09,09-05,6617,9,0,6,225,0,1,1,0,0,Y,Y,1
10_NPU与数字IC设计/01_板块总览与学习路线.html,10,10-01,14229,11,10,5,123,1,1,1,0,0,Y,Y,1
10_NPU与数字IC设计/02_数字设计环境与工具链.html,10,10-02,30121,11,33,5,117,0,1,1,0,0,Y,Y,1
10_NPU与数字IC设计/03_Verilog语法与状态机设计.html,10,10-03,26340,8,18,4,143,0,2,2,0,0,Y,Y,1
10_NPU与数字IC设计/04_FIFO设计与跨时钟域CDC.html,10,10-04,19603,12,31,5,87,4,4,4,0,0,Y,Y,1
10_NPU与数字IC设计/05_APB总线协议与接口设计.html,10,10-05,22351,6,11,5,110,0,4,5,0,0,Y,Y,1
10_NPU与数字IC设计/06_深度学习基础与LeNet实战.html,10,10-06,28523,11,18,5,125,19,3,3,0,0,Y,Y,1
10_NPU与数字IC设计/07_NPU体系结构与脉动阵列.html,10,10-07,21667,8,12,5,119,4,4,5,0,0,Y,Y,1
10_NPU与数字IC设计/08_模型量化与端侧部署.html,10,10-08,23850,9,14,7,117,5,4,4,0,0,Y,Y,1
10_NPU与数字IC设计/09_芯片设计流程与AHB_AXI总线.html,10,10-09,22482,11,20,5,64,3,6,6,0,0,Y,Y,1
10_NPU与数字IC设计/10_NPU项目实战上_Spec与控制模块.html,10,10-10,26747,8,10,4,143,0,3,3,0,0,Y,Y,1
10_NPU与数字IC设计/11_NPU项目实战下_运算模块与联调.html,10,10-11,31823,8,14,5,116,0,5,5,0,0,Y,Y,1
10_NPU与数字IC设计/12_SystemVerilog与UVM架构.html,10,10-12,36501,10,16,5,138,0,3,3,0,0,Y,Y,1
10_NPU与数字IC设计/13_NPU验证项目_环境搭建与覆盖率.html,10,10-13,27046,6,13,5,121,0,2,2,0,0,Y,Y,1
